{"cameraMode":{"drawMode":0,"name":"Shaded","section":"Shading Mode"},"sceneLighting":true,"audioPlay":false,"sceneViewState":{"showFog":false,"showMaterialUpdate":false,"showSkybox":false,"showFlares":false,"showImageEffects":false,"showParticleSystems":false},"in2DMode":false,"pivot":{"x":3.9496042728424074,"y":-15.574577331542969,"z":40.10799026489258},"rotation":{"x":-0.1999538689851761,"y":-0.0008853833423927426,"z":0.00018069001089315861,"w":-0.9798164963722229},"size":53.54205322265625,"orthographic":false}