{"cameraMode":{"drawMode":0,"name":"Shaded","section":"Shading Mode"},"sceneLighting":true,"audioPlay":false,"sceneViewState":{"showFog":false,"showMaterialUpdate":false,"showSkybox":false,"showFlares":false,"showImageEffects":false,"showParticleSystems":false},"in2DMode":false,"pivot":{"x":9.479999542236329,"y":10.27096939086914,"z":-0.2844444513320923},"rotation":{"x":0.10136470943689347,"y":-0.4579053223133087,"z":0.05166051164269447,"w":0.8818395137786865},"size":5.702483654022217,"orthographic":true}