{"cameraMode":{"drawMode":0,"name":"Shaded","section":"Shading Mode"},"sceneLighting":false,"audioPlay":false,"sceneViewState":{"showFog":false,"showMaterialUpdate":false,"showSkybox":false,"showFlares":false,"showImageEffects":false,"showParticleSystems":false},"in2DMode":false,"pivot":{"x":-3.712574005126953,"y":23.86740493774414,"z":-2.0588512420654299},"rotation":{"x":-0.24100857973098756,"y":0.5210033655166626,"z":-0.1562155932188034,"w":-0.8037891387939453},"size":65.54898071289063,"orthographic":false}